<?xml version="1.0" encoding="utf-8"?>
<feed xmlns="http://www.w3.org/2005/Atom">
  <title>Rabt的个人技术站</title>
  
  <subtitle>登峰造极境</subtitle>
  <link href="/atom.xml" rel="self"/>
  
  <link href="https://www.rabt.top/"/>
  <updated>2020-07-17T08:55:44.298Z</updated>
  <id>https://www.rabt.top/</id>
  
  <author>
    <name>Liu Rabt</name>
    
  </author>
  
  <generator uri="https://hexo.io/">Hexo</generator>
  
  <entry>
    <title>写了一个 Chrome 扩展，可以实时查看自选基金的涨跌情况</title>
    <link href="https://www.rabt.top/choose-funds/"/>
    <id>https://www.rabt.top/choose-funds/</id>
    <published>2020-07-16T03:00:29.000Z</published>
    <updated>2020-07-17T08:55:44.298Z</updated>
    
    <summary type="html">
    
      
      
        
        
          &lt;h2 id=&quot;自选基金助手&quot;&gt;&lt;a href=&quot;#自选基金助手&quot; class=&quot;headerlink&quot;
        
      
    
    </summary>
    
    
      <category term="软件工具" scheme="https://www.rabt.top/categories/%E8%BD%AF%E4%BB%B6%E5%B7%A5%E5%85%B7/"/>
    
    
      <category term="Chrome扩展" scheme="https://www.rabt.top/tags/Chrome%E6%89%A9%E5%B1%95/"/>
    
      <category term="基金" scheme="https://www.rabt.top/tags/%E5%9F%BA%E9%87%91/"/>
    
  </entry>
  
  <entry>
    <title>Hello World</title>
    <link href="https://www.rabt.top/hello-world/"/>
    <id>https://www.rabt.top/hello-world/</id>
    <published>2020-07-16T02:17:16.056Z</published>
    <updated>2020-07-16T02:17:16.056Z</updated>
    
    <summary type="html">
    
      
      
        
        
          &lt;p&gt;Welcome to &lt;a href=&quot;https://hexo.io/&quot; target=&quot;_blank&quot; rel=&quot;noopener&quot;&gt;Hexo&lt;/a&gt;! This is your very first post. Check &lt;a
        
      
    
    </summary>
    
    
    
  </entry>
  
</feed>
